Year,Comparison Group,Institution,Grand Total ,Alumni: Total ,Athletics/Total: Total Amount ($)
FY2007,AAU,Boston University,"$84,160,198 ","$17,115,962 ",
FY2008,AAU,Boston University,"$78,242,977 ","$16,357,344 ",
FY2009,AAU,Boston University,"$74,269,225 ","$13,712,724 ",
FY2010,AAU,Boston University,"$85,124,254 ","$22,482,281 ",
FY2011,AAU,Boston University,"$89,498,965 ","$16,577,501 ",
FY2012,AAU,Boston University,"$86,181,326 ","$20,097,251 ",
FY2013,AAU,Boston University,"$116,561,580 ","$29,641,253 ",
FY2014,AAU,Boston University,"$132,582,996 ","$31,009,064 ",
FY2015,AAU,Boston University,"$140,392,757 ","$36,757,914 ",
FY2016,AAU,Boston University,"$156,940,557 ","$26,580,691 ",
FY2017,AAU,Boston University,"$157,478,201 ","$29,081,982 ",
FY2007,AAU,Brandeis University,"$86,297,262 ","$8,494,639 ",
FY2008,AAU,Brandeis University,"$89,404,379 ","$6,714,423 ",
FY2009,AAU,Brandeis University,"$78,172,495 ","$7,046,234 ",
FY2010,AAU,Brandeis University,"$71,778,835 ","$6,011,701 ",
FY2011,AAU,Brandeis University,"$61,744,876 ","$9,007,383 ",
FY2012,AAU,Brandeis University,"$60,768,412 ","$7,709,095 ",
FY2013,AAU,Brandeis University,"$54,556,047 ","$6,161,563 ",
FY2014,AAU,Brandeis University,"$56,905,352 ","$6,945,313 ",
FY2015,AAU,Brandeis University,"$60,196,359 ","$9,604,045 ",
FY2016,AAU,Brandeis University,"$57,592,707 ","$10,053,917 ",
FY2017,AAU,Brandeis University,"$99,260,088 ","$9,354,798 ",
FY2007,AAU,Brown University,"$181,622,477 ","$52,930,790 ","$3,460,403 "
FY2008,AAU,Brown University,"$176,106,166 ","$54,500,552 ","$3,909,175 "
FY2009,AAU,Brown University,"$192,835,815 ","$68,732,893 ","$3,466,303 "
FY2010,AAU,Brown University,"$166,330,542 ","$49,002,379 ","$3,706,909 "
FY2011,AAU,Brown University,"$160,511,664 ","$45,571,252 ","$3,871,627 "
FY2012,AAU,Brown University,"$178,064,891 ","$49,663,669 ","$4,034,650 "
FY2013,AAU,Brown University,"$176,415,855 ","$81,335,570 ","$4,190,767 "
FY2014,AAU,Brown University,"$201,731,311 ","$70,631,121 ","$4,773,465 "
FY2015,AAU,Brown University,"$187,754,039 ","$66,239,367 ","$5,579,243 "
FY2016,AAU,Brown University,"$207,725,021 ","$58,691,886 ","$5,668,985 "
FY2017,AAU,Brown University,"$241,986,818 ","$61,559,286 ","$7,217,859 "
FY2007,AAU,California Institute of Technology,"$183,256,723 ","$60,861,850 ","$1,032,576 "
FY2008,AAU,California Institute of Technology,"$103,424,838 ","$11,569,821 ","$50,862 "
FY2010,AAU,California Institute of Technology,"$155,485,762 ","$38,768,005 ","$30,717 "
FY2011,AAU,California Institute of Technology,"$156,525,171 ","$34,920,354 ","$51,241 "
FY2012,AAU,California Institute of Technology,"$99,982,896 ","$13,301,969 ","$59,041 "
FY2013,AAU,California Institute of Technology,"$103,446,202 ","$21,084,311 ","$60,378 "
FY2014,AAU,California Institute of Technology,"$113,370,390 ","$28,314,639 ","$211,697 "
FY2015,AAU,California Institute of Technology,"$161,928,630 ","$38,282,259 ","$93,307 "
FY2016,AAU,California Institute of Technology,"$182,869,435 ","$54,459,380 ","$209,691 "
FY2007,AAU,Carnegie Mellon University,"$74,717,069 ","$18,633,864 ","$319,987 "
FY2008,AAU,Carnegie Mellon University,"$95,330,025 ","$21,732,746 ",
FY2009,AAU,Carnegie Mellon University,"$58,464,241 ","$13,797,033 ","$46,859 "
FY2010,AAU,Carnegie Mellon University,"$73,437,249 ","$15,274,305 ","$56,931 "
FY2011,AAU,Carnegie Mellon University,"$79,074,281 ","$18,390,298 ","$45,724 "
FY2012,AAU,Carnegie Mellon University,"$79,141,236 ","$22,522,719 ",
FY2013,AAU,Carnegie Mellon University,"$112,163,667 ","$24,801,602 ",
FY2014,AAU,Carnegie Mellon University,"$137,573,246 ","$14,808,145 ",
FY2015,AAU,Carnegie Mellon University,"$139,562,642 ","$26,406,336 ",
FY2016,AAU,Carnegie Mellon University,"$155,301,691 ","$17,629,189 ",
FY2017,AAU,Carnegie Mellon University,"$155,209,124 ","$45,363,649 ",
FY2007,AAU,Case Western Reserve University,"$69,392,356 ","$12,988,075 ","$66,152 "
FY2008,AAU,Case Western Reserve University,"$88,345,205 ","$30,425,175 ","$75,054 "
FY2009,AAU,Case Western Reserve University,"$79,652,833 ","$17,129,291 ",$0 
FY2010,AAU,Case Western Reserve University,"$79,960,591 ","$14,004,623 ","$62,331 "
FY2011,AAU,Case Western Reserve University,"$85,029,205 ","$21,084,430 ","$46,593 "
FY2012,AAU,Case Western Reserve University,"$90,584,063 ","$20,781,714 ","$241,662 "
FY2013,AAU,Case Western Reserve University,"$94,237,501 ","$30,250,605 ","$305,796 "
FY2014,AAU,Case Western Reserve University,"$124,509,176 ","$20,508,528 ","$159,636 "
FY2015,AAU,Case Western Reserve University,"$132,825,689 ","$40,688,398 ","$81,473 "
FY2016,AAU,Case Western Reserve University,"$158,323,154 ","$32,306,214 ","$226,894 "
FY2017,AAU,Case Western Reserve University,"$113,766,737 ","$31,450,853 ","$195,974 "
FY2007,AAU,Columbia University ,"$423,849,107 ","$136,138,753 ","$3,162,752 "
FY2008,AAU,Columbia University ,"$495,106,753 ","$220,343,797 ","$7,078,922 "
FY2009,AAU,Columbia University ,"$413,358,859 ","$133,392,247 ","$3,625,674 "
FY2010,AAU,Columbia University ,"$402,356,576 ","$125,554,382 ","$2,903,315 "
FY2011,AAU,Columbia University ,"$495,561,626 ","$152,403,400 ","$4,799,251 "
FY2012,AAU,Columbia University ,"$490,311,087 ","$187,218,543 ","$4,771,511 "
FY2013,AAU,Columbia University ,"$646,663,433 ","$150,454,975 ","$4,702,316 "
FY2014,AAU,Columbia University ,"$469,968,713 ","$117,539,687 ","$7,601,505 "
FY2015,AAU,Columbia University ,"$552,682,100 ","$99,402,491 ","$6,902,027 "
FY2016,AAU,Columbia University ,"$584,808,916 ","$94,090,286 ","$7,483,146 "
FY2017,AAU,Columbia University ,"$603,077,208 ","$104,538,106 ","$8,975,963 "
FY2007,AAU,Cornell University,"$406,925,075 ","$210,121,965 ",
FY2008,AAU,Cornell University,"$409,422,892 ","$211,970,362 ",
FY2009,AAU,Cornell University,"$446,749,543 ","$318,956,612 ",
FY2010,AAU,Cornell University,"$308,219,446 ","$150,034,799 ",
FY2011,AAU,Cornell University,"$315,531,371 ","$162,799,595 ",
FY2012,AAU,Cornell University,"$330,935,769 ","$175,580,416 ",
FY2013,AAU,Cornell University,"$474,957,281 ","$250,850,301 ",
FY2014,AAU,Cornell University,"$546,087,720 ","$298,294,137 ",
FY2015,AAU,Cornell University,"$590,641,234 ","$347,623,190 ",
FY2016,AAU,Cornell University,"$588,261,922 ","$308,654,670 ",
FY2017,AAU,Cornell University,"$743,502,739 ","$492,936,992 ",
FY2007,AAU,Duke University,"$372,328,154 ","$67,782,011 ",
FY2008,AAU,Duke University,"$385,672,922 ","$56,097,358 ",
FY2009,AAU,Duke University,"$301,647,088 ","$47,033,798 ","$19,960,727 "
FY2010,AAU,Duke University,"$345,468,017 ","$68,400,031 ",
FY2011,AAU,Duke University,"$349,657,635 ","$54,475,759 ",
FY2012,AAU,Duke University,"$350,944,320 ","$66,936,187 ",
FY2013,AAU,Duke University,"$423,658,375 ","$87,480,082 ",
FY2014,AAU,Duke University,"$437,381,590 ","$87,251,015 ",
FY2015,AAU,Duke University,"$472,008,266 ","$90,376,707 ",
FY2016,AAU,Duke University,"$506,440,564 ","$99,216,007 ",
FY2017,AAU,Duke University,"$581,050,570 ","$94,322,435 ",
FY2007,AAU,Emory University,"$156,108,403 ","$7,217,571 ",
FY2008,AAU,Emory University,"$164,385,815 ","$28,408,335 ",
FY2009,AAU,Emory University,"$141,126,781 ","$5,978,773 ",
FY2010,AAU,Emory University,"$105,819,703 ","$24,420,339 ",
FY2011,AAU,Emory University,"$147,370,003 ","$24,063,066 ",
FY2012,AAU,Emory University,"$211,588,589 ","$7,974,895 ",$0 
FY2013,AAU,Emory University,"$204,171,386 ","$8,446,390 ",$0 
FY2014,AAU,Emory University,"$268,925,852 ","$9,470,351 ",
FY2015,AAU,Emory University,"$228,033,920 ","$10,577,495 ",$0 
FY2016,AAU,Emory University,"$192,699,880 ","$8,947,808 ",$0 
FY2017,AAU,Emory University,"$218,501,059 ","$10,977,592 ",$0 
FY2007,AAU,Georgia Institute of Technology-Main Campus,"$119,454,789 ","$43,161,628 ","$19,889,669 "
FY2008,AAU,Georgia Institute of Technology-Main Campus,"$117,106,116 ","$42,396,067 ","$21,882,579 "
FY2009,AAU,Georgia Institute of Technology-Main Campus,"$113,042,924 ","$30,824,116 ","$18,087,447 "
FY2010,AAU,Georgia Institute of Technology-Main Campus,"$107,632,318 ","$35,007,377 ","$18,235,034 "
FY2011,AAU,Georgia Institute of Technology-Main Campus,"$118,184,162 ","$40,760,643 ","$23,622,320 "
FY2012,AAU,Georgia Institute of Technology-Main Campus,"$118,428,942 ","$46,224,649 ","$19,153,454 "
FY2013,AAU,Georgia Institute of Technology-Main Campus,"$102,716,563 ","$39,457,905 ","$15,146,948 "
FY2014,AAU,Georgia Institute of Technology-Main Campus,"$141,887,918 ","$42,316,989 ","$18,681,431 "
FY2015,AAU,Georgia Institute of Technology-Main Campus,"$119,117,735 ","$38,228,626 ","$18,194,538 "
FY2016,AAU,Georgia Institute of Technology-Main Campus,"$129,303,733 ","$33,790,455 ","$15,603,440 "
FY2017,AAU,Georgia Institute of Technology-Main Campus,"$119,141,912 ","$31,395,012 ","$18,434,332 "
FY2007,AAU,Harvard University,"$613,985,000 ","$188,156,000 ",
FY2008,AAU,Harvard University,"$650,625,000 ","$198,997,000 ",
FY2009,AAU,Harvard University,"$601,636,000 ","$211,508,000 ",
FY2010,AAU,Harvard University,"$596,963,000 ","$200,171,000 ",
FY2011,AAU,Harvard University,"$639,153,000 ","$232,347,000 ",
FY2012,AAU,Harvard University,"$650,243,000 ","$232,971,000 ",
FY2013,AAU,Harvard University,"$792,256,000 ","$284,621,000 ",
FY2014,AAU,Harvard University,"$1,155,610,000 ","$392,576,000 ",
FY2015,AAU,Harvard University,"$1,045,872,364 ","$650,204,246 ",
FY2016,AAU,Harvard University,"$1,187,530,292 ","$613,134,659 ",
FY2017,AAU,Harvard University,"$1,283,739,766 ","$695,775,089 ",
FY2007,AAU,Indiana University ,"$278,553,274 ","$38,555,929 ",
FY2008,AAU,Indiana University ,"$408,620,812 ","$114,873,741 ",
FY2009,AAU,Indiana University ,"$247,616,245 ","$28,700,817 ",
FY2010,AAU,Indiana University ,"$342,818,089 ","$60,072,018 ",
FY2011,AAU,Indiana University ,"$295,897,683 ","$45,692,590 ",
FY2012,AAU,Indiana University ,"$347,927,410 ","$34,954,369 ",
FY2013,AAU,Indiana University ,"$305,885,017 ","$39,405,352 ",
FY2014,AAU,Indiana University ,"$341,312,881 ","$43,722,870 ",
FY2015,AAU,Indiana University ,"$359,319,004 ","$45,373,981 ",
FY2016,AAU,Indiana University ,"$360,935,740 ","$47,590,275 ",
FY2017,AAU,Indiana University ,"$398,259,543 ","$88,599,850 ",
FY2007,AAU,Iowa State University,"$69,953,578 ","$34,892,169 ","$10,292,608 "
FY2008,AAU,Iowa State University,"$76,725,185 ","$28,721,827 ","$9,684,090 "
FY2009,AAU,Iowa State University,"$63,170,610 ","$23,023,679 ","$10,130,474 "
FY2010,AAU,Iowa State University,"$57,321,756 ","$17,618,538 ","$13,309,123 "
FY2011,AAU,Iowa State University,"$63,290,284 ","$20,021,666 ","$12,472,220 "
FY2012,AAU,Iowa State University,"$60,715,893 ","$17,981,458 ","$12,847,707 "
FY2013,AAU,Iowa State University,"$62,288,017 ","$20,159,902 ","$13,934,520 "
FY2014,AAU,Iowa State University,"$64,853,803 ","$21,953,514 ","$12,926,460 "
FY2015,AAU,Iowa State University,"$105,511,626 ","$48,096,757 ","$25,963,985 "
FY2016,AAU,Iowa State University,"$90,148,101 ","$33,578,366 ","$27,953,965 "
FY2017,AAU,Iowa State University,"$175,453,273 ","$120,469,089 ","$27,022,460 "
FY2007,AAU,Johns Hopkins University,"$430,455,336 ","$64,427,761 ","$1,084,043 "
FY2008,AAU,Johns Hopkins University,"$448,964,324 ","$69,885,900 ","$1,101,244 "
FY2009,AAU,Johns Hopkins University,"$433,387,640 ","$44,566,564 ","$1,433,508 "
FY2010,AAU,Johns Hopkins University,"$427,593,283 ","$27,846,828 ","$1,140,551 "
FY2011,AAU,Johns Hopkins University,"$485,410,060 ","$85,201,451 ",
FY2012,AAU,Johns Hopkins University,"$479,654,409 ","$23,734,189 ",
FY2013,AAU,Johns Hopkins University,"$518,571,245 ","$28,706,103 ",
FY2014,AAU,Johns Hopkins University,"$614,606,146 ","$33,763,793 ",
FY2015,AAU,Johns Hopkins University,"$582,675,454 ","$22,606,842 ",
FY2016,AAU,Johns Hopkins University,"$657,292,634 ","$33,451,284 ",
FY2017,AAU,Johns Hopkins University,"$636,910,731 ","$47,270,420 ",
FY2007,AAU,Massachusetts Institute of Technology,"$329,158,304 ","$96,439,226 ",
FY2008,AAU,Massachusetts Institute of Technology,"$311,902,992 ","$110,535,029 ",
FY2009,AAU,Massachusetts Institute of Technology,"$319,074,750 ","$86,937,315 ",$0 
FY2010,AAU,Massachusetts Institute of Technology,"$307,181,598 ","$138,668,773 ",$0 
FY2011,AAU,Massachusetts Institute of Technology,"$534,342,957 ","$215,792,309 ",
FY2012,AAU,Massachusetts Institute of Technology,"$379,058,315 ","$98,310,178 ",
FY2013,AAU,Massachusetts Institute of Technology,"$403,538,797 ","$158,922,520 ",
FY2014,AAU,Massachusetts Institute of Technology,"$375,030,964 ","$153,392,401 ",
FY2015,AAU,Massachusetts Institute of Technology,"$439,403,673 ","$105,238,112 ",
FY2016,AAU,Massachusetts Institute of Technology,"$419,752,498 ","$122,023,929 ",
FY2017,AAU,Massachusetts Institute of Technology,"$672,939,157 ","$157,297,929 ",$0 
FY2012,AAU,McGill University,"$87,395,773 ","$24,126,956 ",$0 
FY2013,AAU,McGill University,"$109,290,250 ","$25,301,878 ",$0 
FY2014,AAU,McGill University,"$109,785,232 ","$20,833,976 ",
FY2015,AAU,McGill University,"$122,146,438 ","$24,739,913 ",$0 
FY2016,AAU,McGill University,"$112,599,501 ","$25,897,624 ",$0 
FY2017,AAU,McGill University,"$126,444,056 ","$25,087,592 ",$0 
FY2007,AAU,Michigan State University,"$115,934,355 ","$43,705,169 ",
FY2008,AAU,Michigan State University,"$128,123,958 ","$33,083,099 ",
FY2009,AAU,Michigan State University,"$121,956,438 ","$28,803,420 ",
FY2010,AAU,Michigan State University,"$108,670,717 ","$33,210,969 ",
FY2011,AAU,Michigan State University,"$129,758,509 ","$40,750,783 ",
FY2012,AAU,Michigan State University,"$147,118,841 ","$58,820,255 ",
FY2013,AAU,Michigan State University,"$125,799,468 ","$46,357,488 ",
FY2014,AAU,Michigan State University,"$117,565,666 ","$44,405,679 ",$0 
FY2015,AAU,Michigan State University,"$131,498,896 ","$49,988,353 ",$0 
FY2016,AAU,Michigan State University,"$176,131,408 ","$62,780,509 ","$32,810,156 "
FY2017,AAU,Michigan State University,"$199,927,880 ","$75,861,077 ",
FY2007,AAU,New York University,"$287,587,458 ","$43,645,731 ",$0 
FY2008,AAU,New York University,"$387,608,993 ","$63,786,809 ",$0 
FY2009,AAU,New York University,"$334,787,429 ","$34,382,023 ",$0 
FY2010,AAU,New York University,"$349,213,948 ","$65,374,423 ",
FY2011,AAU,New York University,"$337,852,081 ","$43,788,213 ",
FY2012,AAU,New York University,"$395,509,740 ","$63,005,158 ",
FY2013,AAU,New York University,"$449,344,241 ","$56,131,850 ",$0 
FY2014,AAU,New York University,"$455,718,216 ","$62,692,598 ","$2,124,563 "
FY2015,AAU,New York University,"$439,662,170 ","$54,670,708 ","$603,928 "
FY2016,AAU,New York University,"$461,149,577 ","$54,539,007 ","$221,558 "
FY2017,AAU,New York University,"$567,120,862 ","$89,210,742 ","$274,307 "
FY2007,AAU,Northwestern University,"$187,925,976 ","$46,122,045 ",
FY2008,AAU,Northwestern University,"$215,045,840 ","$35,659,816 ",
FY2009,AAU,Northwestern University,"$181,741,062 ","$38,351,673 ",
FY2010,AAU,Northwestern University,"$230,595,585 ","$47,367,799 ",
FY2011,AAU,Northwestern University,"$228,622,579 ","$75,260,709 ",
FY2012,AAU,Northwestern University,"$233,746,397 ","$77,716,301 ",
FY2013,AAU,Northwestern University,"$295,601,267 ","$104,069,224 ",
FY2014,AAU,Northwestern University,"$616,351,194 ","$87,092,912 ",
FY2015,AAU,Northwestern University,"$536,831,345 ","$284,524,628 ",
FY2016,AAU,Northwestern University,"$401,679,496 ","$109,463,982 ",
FY2017,AAU,Northwestern University,"$344,298,666 ","$86,150,081 ",
FY2007,AAU,Ohio State University ,"$225,558,485 ","$48,780,286 ",
FY2008,AAU,Ohio State University ,"$237,380,122 ","$48,229,640 ",
FY2009,AAU,Ohio State University ,"$237,052,335 ","$41,878,098 ",
FY2010,AAU,Ohio State University ,"$214,909,351 ","$38,327,279 ",
FY2011,AAU,Ohio State University ,"$255,698,008 ","$38,528,313 ",
FY2012,AAU,Ohio State University ,"$334,508,971 ","$56,666,539 ",
FY2013,AAU,Ohio State University ,"$296,573,964 ","$75,163,470 ",
FY2014,AAU,Ohio State University ,"$332,627,393 ","$71,361,647 ",
FY2015,AAU,Ohio State University ,"$359,797,648 ","$82,101,216 ",
FY2016,AAU,Ohio State University ,"$386,111,783 ","$70,752,777 ",
FY2017,AAU,Ohio State University ,"$401,850,260 ","$76,220,192 ",
FY2007,AAU,Penn State University,"$182,857,999 ","$51,570,193 ",
FY2008,AAU,Penn State University,"$176,086,082 ","$61,273,454 ",
FY2009,AAU,Penn State University,"$180,836,448 ","$62,567,370 ",
FY2010,AAU,Penn State University,"$195,333,029 ","$62,356,771 ",
FY2011,AAU,Penn State University,"$270,562,083 ","$127,178,269 ",
FY2012,AAU,Penn State University,"$181,538,201 ","$69,149,835 ",
FY2013,AAU,Penn State University,"$217,631,226 ","$86,054,268 ",
FY2014,AAU,Penn State University,"$215,398,665 ","$79,016,771 ",
FY2015,AAU,Penn State University,"$194,572,412 ","$76,084,335 ",
FY2016,AAU,Penn State University,"$197,063,581 ","$75,523,730 ",
FY2017,AAU,Penn State University,"$198,750,481 ","$65,137,168 ",
FY2007,AAU,Princeton University,"$230,571,790 ","$138,164,478 ",
FY2008,AAU,Princeton University,"$225,867,929 ","$136,667,961 ",
FY2009,AAU,Princeton University,"$214,152,929 ","$117,609,840 ",
FY2010,AAU,Princeton University,"$206,729,497 ","$104,223,177 ",
FY2011,AAU,Princeton University,"$236,172,907 ","$116,661,178 ",
FY2012,AAU,Princeton University,"$246,034,776 ","$136,886,170 ",
FY2013,AAU,Princeton University,"$242,550,768 ","$112,562,232 ",
FY2014,AAU,Princeton University,"$240,931,070 ","$117,317,153 ",
FY2015,AAU,Princeton University,"$549,839,705 ","$398,202,650 ",
FY2016,AAU,Princeton University,"$267,875,832 ","$79,141,512 ",
FY2017,AAU,Princeton University,"$303,393,945 ","$128,084,872 ",
FY2007,AAU,Purdue University ,"$215,788,246 ","$56,394,845 ","$16,024,435 "
FY2008,AAU,Purdue University ,"$174,002,895 ","$57,791,592 ","$12,073,463 "
FY2009,AAU,Purdue University ,"$173,835,479 ","$40,739,961 ","$16,447,092 "
FY2010,AAU,Purdue University ,"$191,778,516 ","$40,543,863 ","$16,102,614 "
FY2011,AAU,Purdue University ,"$155,437,563 ","$45,533,745 ","$20,315,796 "
FY2012,AAU,Purdue University ,"$170,448,871 ","$50,523,729 ","$15,199,959 "
FY2013,AAU,Purdue University ,"$121,592,393 ","$41,543,946 ","$17,137,800 "
FY2014,AAU,Purdue University ,"$129,489,800 ","$42,358,638 ","$17,545,235 "
FY2015,AAU,Purdue University ,"$172,219,169 ","$42,672,017 ","$14,143,760 "
FY2016,AAU,Purdue University ,"$151,217,052 ","$49,826,680 ","$19,103,870 "
FY2017,AAU,Purdue University ,"$152,175,288 ","$41,236,894 ","$18,168,136 "
FY2007,AAU,Rice University,"$67,768,187 ","$23,781,530 ","$2,854,645 "
FY2008,AAU,Rice University,"$86,263,037 ","$34,122,089 ","$2,502,518 "
FY2009,AAU,Rice University,"$95,588,041 ","$32,296,775 ",
FY2010,AAU,Rice University,"$102,446,680 ","$32,670,251 ","$1,982,215 "
FY2011,AAU,Rice University,"$85,806,812 ","$26,691,303 ",
FY2012,AAU,Rice University,"$80,675,823 ","$21,697,227 ",
FY2013,AAU,Rice University,"$122,672,695 ","$33,217,109 ","$2,694,622 "
FY2014,AAU,Rice University,"$104,113,347 ","$33,645,058 ","$2,490,245 "
FY2015,AAU,Rice University,"$122,185,891 ","$34,060,750 ","$3,495,515 "
FY2016,AAU,Rice University,"$102,976,608 ","$22,564,969 ","$7,399,166 "
FY2017,AAU,Rice University,"$98,157,578 ","$35,714,155 ","$7,012,284 "
FY2007,AAU,Rutgers University,"$102,716,690 ","$24,852,809 ","$7,287,593 "
FY2008,AAU,Rutgers University,"$97,752,873 ","$32,808,436 ","$7,123,492 "
FY2009,AAU,Rutgers University,"$112,081,703 ","$27,313,263 ","$11,151,763 "
FY2010,AAU,Rutgers University,"$86,390,077 ","$28,584,707 ","$8,999,149 "
FY2011,AAU,Rutgers University,"$93,112,083 ","$31,659,987 ","$10,842,413 "
FY2012,AAU,Rutgers University,"$81,456,439 ","$21,827,523 ","$8,620,906 "
FY2013,AAU,Rutgers University,"$106,250,575 ","$30,968,801 ","$11,652,424 "
FY2014,AAU,Rutgers University,"$124,483,999 ","$31,790,035 ","$13,858,957 "
FY2015,AAU,Rutgers University,"$150,406,517 ","$28,541,427 ","$13,256,497 "
FY2016,AAU,Rutgers University,"$139,404,453 ","$34,877,314 ","$14,221,961 "
FY2017,AAU,Rutgers University,"$164,572,388 ","$38,995,210 ","$18,200,225 "
FY2007,AAU,Stanford University,"$832,344,826 ","$284,588,291 ","$28,267,684 "
FY2008,AAU,Stanford University,"$785,042,846 ","$279,989,350 ",
FY2009,AAU,Stanford University,"$640,107,311 ","$193,318,720 ",
FY2010,AAU,Stanford University,"$598,890,327 ","$180,868,246 ","$19,053,686 "
FY2011,AAU,Stanford University,"$709,422,838 ","$150,082,566 ","$17,365,667 "
FY2012,AAU,Stanford University,"$1,034,848,797 ","$237,368,195 ","$26,692,756 "
FY2013,AAU,Stanford University,"$931,569,265 ","$343,201,509 ","$34,929,248 "
FY2014,AAU,Stanford University,"$928,458,429 ","$271,568,402 ","$35,885,999 "
FY2015,AAU,Stanford University,"$1,625,035,715 ","$169,703,222 ","$28,687,801 "
FY2016,AAU,Stanford University,"$951,149,098 ","$153,866,292 ","$41,909,360 "
FY2017,AAU,Stanford University,$0 ,$0 ,
FY2007,AAU,Stony Brook University,"$25,223,514 ","$1,613,060 ",
FY2008,AAU,Stony Brook University,"$22,995,127 ","$1,741,885 ",
FY2009,AAU,Stony Brook University,"$41,033,468 ","$1,576,859 ",
FY2010,AAU,Stony Brook University,"$66,365,219 ","$1,569,055 ",
FY2011,AAU,Stony Brook University,"$44,784,035 ","$4,609,725 ",
FY2012,AAU,Stony Brook University,"$82,275,696 ","$4,380,350 ",
FY2013,AAU,Stony Brook University,"$97,891,503 ","$2,691,821 ",
FY2014,AAU,Stony Brook University,"$78,655,367 ","$1,825,341 ",
FY2015,AAU,Stony Brook University,"$86,687,368 ","$2,221,262 ",
FY2016,AAU,Stony Brook University,"$76,704,325 ","$2,148,173 ",
FY2017,AAU,Stony Brook University,"$53,224,219 ","$3,528,253 ",
FY2007,AAU,Texas A&M University,"$168,476,955 ","$71,838,212 ",
FY2008,AAU,Texas A&M University,"$206,724,893 ","$88,915,850 ",
FY2009,AAU,Texas A&M University,"$186,597,643 ","$85,701,706 ","$46,250 "
FY2010,AAU,Texas A&M University,"$211,974,044 ","$53,330,796 ","$29,542,941 "
FY2011,AAU,Texas A&M University,"$184,050,967 ","$67,065,405 ",
FY2012,AAU,Texas A&M University,"$180,886,344 ","$66,987,425 ","$36,134,399 "
FY2013,AAU,Texas A&M University,"$254,628,486 ","$119,992,244 ","$81,976,422 "
FY2014,AAU,Texas A&M University,"$317,548,840 ","$135,593,693 ","$93,605,863 "
FY2015,AAU,Texas A&M University,"$255,179,153 ","$103,064,398 ","$66,987,139 "
FY2016,AAU,Texas A&M University,"$276,474,802 ","$97,465,521 ","$54,352,301 "
FY2007,AAU,Tulane University of Louisiana,"$67,614,990 ","$15,579,640 ",
FY2008,AAU,Tulane University of Louisiana,"$80,753,743 ","$19,761,493 ",
FY2009,AAU,Tulane University of Louisiana,"$57,860,027 ","$12,330,590 ",
FY2010,AAU,Tulane University of Louisiana,"$56,633,358 ","$20,615,596 ",
FY2011,AAU,Tulane University of Louisiana,"$47,830,324 ","$10,828,976 ",
FY2012,AAU,Tulane University of Louisiana,"$53,571,955 ","$15,328,202 ",
FY2013,AAU,Tulane University of Louisiana,"$77,823,895 ","$19,680,325 ",
FY2014,AAU,Tulane University of Louisiana,"$78,768,272 ","$17,001,757 ",
FY2015,AAU,Tulane University of Louisiana,"$88,422,143 ","$19,763,214 ",
FY2016,AAU,Tulane University of Louisiana,"$98,919,435 ","$16,733,555 ",
FY2017,AAU,Tulane University of Louisiana,"$86,032,806 ","$19,585,613 ",
FY2007,AAU,University at Buffalo,"$26,898,684 ","$10,871,007 ","$1,645,284 "
FY2008,AAU,University at Buffalo,"$34,163,128 ","$15,513,814 ","$462,425 "
FY2009,AAU,University at Buffalo,"$24,081,698 ","$8,901,314 ","$693,535 "
FY2010,AAU,University at Buffalo,"$25,586,839 ","$9,211,225 ","$1,005,772 "
FY2011,AAU,University at Buffalo,"$32,726,765 ","$14,023,595 ","$585,388 "
FY2012,AAU,University at Buffalo,"$68,104,405 ","$50,956,939 ","$1,207,457 "
FY2013,AAU,University at Buffalo,"$28,699,900 ","$10,266,112 ","$1,055,873 "
FY2014,AAU,University at Buffalo,"$33,299,551 ","$12,915,032 ","$1,220,027 "
FY2015,AAU,University at Buffalo,"$30,565,459 ","$8,877,239 ","$2,114,658 "
FY2016,AAU,University at Buffalo,"$36,218,625 ","$8,042,293 ","$2,810,917 "
FY2017,AAU,University at Buffalo,"$36,919,288 ","$8,174,253 ","$1,862,283 "
FY2007,AAU,University of Arizona,"$143,956,957 ","$21,276,173 ","$7,257,527 "
FY2008,AAU,University of Arizona,"$153,960,235 ","$31,582,061 ","$3,497,304 "
FY2009,AAU,University of Arizona,"$141,386,156 ","$17,219,218 ","$6,892,378 "
FY2010,AAU,University of Arizona,"$148,090,754 ","$15,740,971 ","$16,943,067 "
FY2011,AAU,University of Arizona,"$147,313,855 ","$12,894,927 ","$19,262,238 "
FY2012,AAU,University of Arizona,"$180,316,576 ","$23,508,538 ","$29,182,116 "
FY2013,AAU,University of Arizona,"$151,363,019 ","$23,453,586 ","$24,423,382 "
FY2014,AAU,University of Arizona,"$186,191,724 ","$31,379,304 ","$44,200,468 "
FY2015,AAU,University of Arizona,"$190,183,747 ","$18,950,494 ","$21,254,301 "
FY2016,AAU,University of Arizona,"$186,870,433 ","$17,036,867 ","$20,217,975 "
FY2017,AAU,University of Arizona,"$219,928,978 ","$20,326,356 ","$28,527,403 "
FY2007,AAU,University of California-Berkeley,"$242,601,751 ","$83,893,361 ","$22,521,211 "
FY2008,AAU,University of California-Berkeley,"$285,346,548 ","$70,450,327 ","$20,327,741 "
FY2009,AAU,University of California-Berkeley,"$255,095,124 ","$64,834,473 ","$21,599,618 "
FY2010,AAU,University of California-Berkeley,"$307,509,066 ","$95,571,549 ","$7,832,930 "
FY2011,AAU,University of California-Berkeley,"$283,346,832 ","$67,125,534 ","$7,847,872 "
FY2012,AAU,University of California-Berkeley,"$405,434,869 ","$60,224,272 ",
FY2013,AAU,University of California-Berkeley,"$340,918,912 ","$75,852,164 ",
FY2014,AAU,University of California-Berkeley,"$389,934,620 ","$79,489,981 ",
FY2015,AAU,University of California-Berkeley,"$366,115,961 ","$94,746,954 ","$7,237,307 "
FY2016,AAU,University of California-Berkeley,"$348,865,132 ","$95,699,932 ",
FY2017,AAU,University of California-Berkeley,"$404,587,975 ","$94,049,866 ",
FY2007,AAU,University of California-Davis,"$94,730,493 ","$6,137,086 ","$447,812 "
FY2008,AAU,University of California-Davis,"$99,952,007 ","$11,383,585 ","$506,605 "
FY2009,AAU,University of California-Davis,"$92,507,131 ","$6,643,313 ","$808,923 "
FY2010,AAU,University of California-Davis,"$109,023,104 ","$4,529,166 ","$878,834 "
FY2011,AAU,University of California-Davis,"$111,234,775 ","$6,088,323 ","$868,411 "
FY2012,AAU,University of California-Davis,"$93,977,386 ","$4,932,118 ","$1,061,958 "
FY2013,AAU,University of California-Davis,"$104,742,683 ","$6,406,024 ","$974,261 "
FY2014,AAU,University of California-Davis,"$133,393,113 ","$7,118,542 ","$1,314,244 "
FY2015,AAU,University of California-Davis,"$185,840,330 ","$10,340,341 ","$1,613,306 "
FY2016,AAU,University of California-Davis,"$129,223,868 ","$6,123,956 ","$995,357 "
FY2017,AAU,University of California-Davis,"$163,087,610 ","$14,523,925 ","$1,498,245 "
FY2007,AAU,University of California-Irvine,"$74,237,001 ","$2,211,302 ","$1,202,584 "
FY2008,AAU,University of California-Irvine,"$92,279,894 ","$2,556,436 ","$783,205 "
FY2009,AAU,University of California-Irvine,"$75,561,629 ","$2,387,932 ","$548,616 "
FY2010,AAU,University of California-Irvine,"$89,242,858 ","$2,010,390 ","$288,697 "
FY2011,AAU,University of California-Irvine,"$94,487,073 ","$1,931,693 ","$20,521 "
FY2012,AAU,University of California-Irvine,"$77,236,034 ","$2,607,086 ",
FY2013,AAU,University of California-Irvine,"$77,210,113 ","$2,655,503 ","$1,664,763 "
FY2014,AAU,University of California-Irvine,"$97,240,535 ","$2,419,550 ","$450,256 "
FY2015,AAU,University of California-Irvine,"$66,616,981 ","$2,236,613 ","$171,626 "
FY2016,AAU,University of California-Irvine,"$73,656,556 ","$2,512,972 ","$372,357 "
FY2017,AAU,University of California-Irvine,"$97,055,772 ","$3,294,020 ",$0 
FY2007,AAU,University of California-Los Angeles,"$364,779,738 ","$78,668,367 ","$13,244,405 "
FY2008,AAU,University of California-Los Angeles,"$456,654,332 ","$58,324,665 ","$15,031,772 "
FY2009,AAU,University of California-Los Angeles,"$351,688,985 ","$58,597,552 ","$12,792,180 "
FY2010,AAU,University of California-Los Angeles,"$340,406,763 ","$36,352,599 ","$16,534,511 "
FY2011,AAU,University of California-Los Angeles,"$415,030,422 ","$54,604,333 ","$24,671,782 "
FY2012,AAU,University of California-Los Angeles,"$344,201,149 ","$55,358,600 ","$21,485,522 "
FY2013,AAU,University of California-Los Angeles,"$419,646,679 ","$60,271,005 ","$26,904,243 "
FY2014,AAU,University of California-Los Angeles,"$430,275,827 ","$59,929,332 ","$27,214,612 "
FY2015,AAU,University of California-Los Angeles,"$473,205,186 ","$74,454,062 ","$26,380,596 "
FY2016,AAU,University of California-Los Angeles,"$498,800,296 ","$78,200,642 ","$31,911,637 "
FY2017,AAU,University of California-Los Angeles,"$550,933,540 ","$71,601,947 ","$41,994,416 "
FY2007,AAU,University of California-San Diego,"$134,094,192 ","$2,044,630 ","$277,060 "
FY2008,AAU,University of California-San Diego,"$121,845,188 ","$2,210,830 ","$382,478 "
FY2009,AAU,University of California-San Diego,"$100,906,449 ","$1,731,286 ","$369,283 "
FY2010,AAU,University of California-San Diego,"$106,599,050 ","$1,934,753 ","$401,146 "
FY2011,AAU,University of California-San Diego,"$116,150,729 ","$2,194,552 ","$477,326 "
FY2012,AAU,University of California-San Diego,"$135,542,557 ","$2,544,249 ","$463,828 "
FY2013,AAU,University of California-San Diego,"$167,403,575 ","$21,323,051 ","$936,369 "
FY2014,AAU,University of California-San Diego,"$150,445,978 ","$3,039,160 ","$999,856 "
FY2015,AAU,University of California-San Diego,"$171,059,286 ","$8,350,620 ","$693,720 "
FY2016,AAU,University of California-San Diego,"$206,872,666 ","$3,526,214 ","$544,841 "
FY2017,AAU,University of California-San Diego,"$240,075,664 ","$4,059,393 ","$994,870 "
FY2007,AAU,University of California-Santa Barbara,"$51,259,343 ","$5,263,055 ","$1,151,768 "
FY2008,AAU,University of California-Santa Barbara,"$90,212,348 ","$6,760,137 ",
FY2009,AAU,University of California-Santa Barbara,"$40,711,789 ","$3,538,948 ",
FY2010,AAU,University of California-Santa Barbara,"$44,853,196 ","$3,537,993 ",
FY2011,AAU,University of California-Santa Barbara,"$47,466,919 ","$3,010,478 ",
FY2012,AAU,University of California-Santa Barbara,"$105,361,892 ","$26,090,997 ",
FY2013,AAU,University of California-Santa Barbara,"$60,998,526 ","$2,950,868 ",
FY2014,AAU,University of California-Santa Barbara,"$67,505,426 ","$10,509,016 ",
FY2015,AAU,University of California-Santa Barbara,"$63,413,145 ","$9,056,362 ","$313,089 "
FY2016,AAU,University of California-Santa Barbara,"$101,176,872 ","$7,911,353 ","$450,287 "
FY2017,AAU,University of California-Santa Barbara,"$145,823,534 ","$6,351,771 ","$289,126 "
FY2007,AAU,University of Chicago,"$328,328,020 ","$101,873,548 ","$458,727 "
FY2008,AAU,University of Chicago,"$256,898,651 ","$90,651,993 ","$345,071 "
FY2009,AAU,University of Chicago,"$248,804,299 ","$77,646,162 ",
FY2010,AAU,University of Chicago,"$251,233,491 ","$78,830,997 ",
FY2011,AAU,University of Chicago,"$246,748,231 ","$63,560,448 ",
FY2012,AAU,University of Chicago,"$255,764,212 ","$108,938,311 ",
FY2013,AAU,University of Chicago,"$289,446,657 ","$115,822,064 ",
FY2014,AAU,University of Chicago,"$405,350,038 ","$152,368,560 ",
FY2015,AAU,University of Chicago,"$443,792,362 ","$145,903,286 ",
FY2016,AAU,University of Chicago,"$443,304,691 ","$142,427,015 ",
FY2017,AAU,University of Chicago,"$483,470,131 ","$163,561,824 ",
FY2007,AAU,University of Colorado,"$114,974,961 ","$16,305,316 ","$1,914,507 "
FY2008,AAU,University of Colorado,"$163,059,228 ","$17,510,831 ","$1,469,088 "
FY2009,AAU,University of Colorado,"$133,134,414 ","$20,830,025 ","$1,400,409 "
FY2010,AAU,University of Colorado,"$138,348,395 ","$16,145,352 ","$1,047,400 "
FY2011,AAU,University of Colorado,"$208,376,059 ","$19,051,298 ","$1,179,994 "
FY2012,AAU,University of Colorado,"$221,206,966 ","$19,545,762 ","$1,184,179 "
FY2013,AAU,University of Colorado,"$118,565,209 ","$3,708,265 ",
FY2014,AAU,University of Colorado,"$265,984,801 ","$21,484,309 ","$1,465,197 "
FY2015,AAU,University of Colorado,"$322,654,968 ","$39,326,616 ","$1,733,795 "
FY2016,AAU,University of Colorado,"$281,481,973 ","$25,884,111 ","$1,364,872 "
FY2017,AAU,University of Colorado,"$312,786,332 ","$25,157,853 ","$1,908,623 "
FY2007,AAU,University of Florida,"$182,617,364 ","$54,314,726 ",
FY2008,AAU,University of Florida,"$206,834,577 ","$52,805,495 ",
FY2009,AAU,University of Florida,"$202,574,212 ","$34,372,490 ",
FY2010,AAU,University of Florida,"$182,740,586 ","$43,712,317 ",
FY2011,AAU,University of Florida,"$201,029,242 ","$49,660,898 ",
FY2012,AAU,University of Florida,"$173,384,839 ","$47,738,556 ",
FY2013,AAU,University of Florida,"$210,951,365 ","$42,135,829 ",
FY2014,AAU,University of Florida,"$215,183,666 ","$52,611,543 ",
FY2015,AAU,University of Florida,"$215,579,953 ","$55,701,125 ",
FY2016,AAU,University of Florida,"$243,666,490 ","$62,025,092 ",
FY2017,AAU,University of Florida,"$267,350,482 ","$59,194,383 ",
FY2007,AAU,University of Illinois at Urbana-Champaign,"$133,256,282 ","$48,786,026 ","$14,406,785 "
FY2008,AAU,University of Illinois at Urbana-Champaign,"$140,096,402 ","$49,826,986 ","$16,249,767 "
FY2009,AAU,University of Illinois at Urbana-Champaign,"$145,278,843 ","$52,818,528 ",
FY2010,AAU,University of Illinois at Urbana-Champaign,"$133,095,711 ","$39,672,533 ",
FY2011,AAU,University of Illinois at Urbana-Champaign,"$126,987,428 ","$37,286,121 ","$15,581,796 "
FY2012,AAU,University of Illinois at Urbana-Champaign,"$137,059,055 ","$38,135,120 ",
FY2013,AAU,University of Illinois at Urbana-Champaign,"$169,548,297 ","$41,978,282 ","$17,407,461 "
FY2014,AAU,University of Illinois at Urbana-Champaign,"$177,193,185 ","$41,012,230 ","$26,588,781 "
FY2015,AAU,University of Illinois at Urbana-Champaign,"$177,235,437 ","$41,966,863 ","$23,238,510 "
FY2016,AAU,University of Illinois at Urbana-Champaign,"$159,692,613 ","$39,536,135 ","$18,571,297 "
FY2017,AAU,University of Illinois at Urbana-Champaign,"$198,897,433 ","$47,981,767 ","$21,725,706 "
FY2007,AAU,University of Iowa,"$115,483,697 ","$32,208,811 ","$20,799,216 "
FY2008,AAU,University of Iowa,"$123,770,403 ","$33,643,496 ","$19,318,516 "
FY2009,AAU,University of Iowa,"$116,924,023 ","$25,524,563 ","$20,589,167 "
FY2010,AAU,University of Iowa,"$112,792,995 ","$26,835,809 ","$25,909,184 "
FY2011,AAU,University of Iowa,"$123,345,708 ","$26,746,767 ","$25,299,107 "
FY2012,AAU,University of Iowa,"$104,392,302 ","$33,817,796 ","$24,303,403 "
FY2013,AAU,University of Iowa,"$122,102,317 ","$41,007,273 ","$28,037,096 "
FY2014,AAU,University of Iowa,"$146,747,967 ","$33,797,643 ","$28,936,737 "
FY2015,AAU,University of Iowa,"$159,532,146 ","$59,020,552 ","$23,742,509 "
FY2016,AAU,University of Iowa,"$192,262,361 ","$65,476,583 ","$26,501,348 "
FY2017,AAU,University of Iowa,"$137,193,176 ","$49,194,047 ","$30,109,880 "
FY2007,AAU,University of Kansas,"$99,978,053 ","$35,759,930 ","$12,863,542 "
FY2008,AAU,University of Kansas,"$123,284,920 ","$46,320,990 ","$27,966,368 "
FY2009,AAU,University of Kansas,"$104,310,278 ","$33,559,673 ","$17,640,215 "
FY2010,AAU,University of Kansas,"$125,398,724 ","$37,637,629 ","$18,657,892 "
FY2011,AAU,University of Kansas,"$131,138,745 ","$40,743,933 ","$17,961,593 "
FY2012,AAU,University of Kansas,"$151,482,300 ","$39,029,355 ","$16,131,343 "
FY2013,AAU,University of Kansas,"$169,692,255 ","$59,512,753 ","$22,168,665 "
FY2014,AAU,University of Kansas,"$162,242,450 ","$52,396,764 ","$30,554,290 "
FY2015,AAU,University of Kansas,"$220,879,902 ","$100,721,186 ","$28,934,681 "
FY2016,AAU,University of Kansas,"$187,214,140 ","$49,968,380 ","$23,821,710 "
FY2017,AAU,University of Kansas,"$171,663,302 ","$48,416,065 ","$20,504,201 "
FY2007,AAU,University of Maryland-College Park,"$85,574,681 ","$21,959,422 ","$8,791,348 "
FY2008,AAU,University of Maryland-College Park,"$123,364,518 ","$34,692,287 ","$17,808,331 "
FY2009,AAU,University of Maryland-College Park,"$92,684,954 ","$19,879,403 ","$11,923,644 "
FY2010,AAU,University of Maryland-College Park,"$86,909,774 ","$14,350,683 ","$12,301,722 "
FY2011,AAU,University of Maryland-College Park,"$96,727,402 ","$15,945,140 ","$13,066,658 "
FY2012,AAU,University of Maryland-College Park,"$93,735,720 ","$15,960,464 ","$16,524,779 "
FY2013,AAU,University of Maryland-College Park,"$79,118,346 ","$15,760,040 ","$14,285,720 "
FY2014,AAU,University of Maryland-College Park,"$81,787,732 ","$16,106,115 ","$12,467,626 "
FY2015,AAU,University of Maryland-College Park,"$122,693,552 ","$27,663,209 ","$19,646,156 "
FY2016,AAU,University of Maryland-College Park,"$146,043,628 ","$36,232,953 ","$24,114,728 "
FY2017,AAU,University of Maryland-College Park,"$115,151,286 ","$23,891,444 ","$14,058,999 "
FY2007,AAU,University of Michigan ,"$293,403,123 ","$149,230,162 ","$14,951,108 "
FY2008,AAU,University of Michigan ,"$333,445,185 ","$176,336,998 ","$21,181,225 "
FY2009,AAU,University of Michigan ,"$263,329,921 ","$125,291,073 ","$23,651,804 "
FY2010,AAU,University of Michigan ,"$252,098,059 ","$136,231,864 ","$24,211,430 "
FY2011,AAU,University of Michigan ,"$270,351,040 ","$138,706,410 ","$31,319,481 "
FY2012,AAU,University of Michigan ,"$291,335,271 ","$155,136,524 ","$33,041,481 "
FY2013,AAU,University of Michigan ,"$351,551,648 ","$153,679,952 ","$41,071,604 "
FY2014,AAU,University of Michigan ,"$432,596,374 ","$197,293,730 ","$54,578,781 "
FY2015,AAU,University of Michigan ,"$394,310,140 ","$133,366,939 ","$51,717,862 "
FY2016,AAU,University of Michigan ,"$433,775,518 ","$143,531,900 ","$47,060,982 "
FY2017,AAU,University of Michigan ,"$456,132,043 ","$159,678,524 ","$55,895,780 "
FY2007,AAU,University of Minnesota,"$288,750,059 ","$35,263,550 ",
FY2008,AAU,University of Minnesota,"$307,609,387 ","$34,802,615 ",
FY2009,AAU,University of Minnesota,"$272,353,115 ","$38,378,847 ",
FY2010,AAU,University of Minnesota,"$245,003,442 ","$33,641,333 ",
FY2011,AAU,University of Minnesota,"$272,567,583 ","$34,825,870 ",
FY2014,AAU,University of Minnesota,"$298,386,266 ","$56,402,770 ",
FY2015,AAU,University of Minnesota,"$357,861,275 ","$113,809,055 ",
FY2016,AAU,University of Minnesota,"$345,640,311 ","$62,485,533 ",
FY2017,AAU,University of Minnesota,"$339,394,147 ","$54,388,040 ",
FY2007,AAU,University of Missouri-Columbia,"$89,272,714 ","$24,276,695 ",
FY2008,AAU,University of Missouri-Columbia,"$102,827,529 ","$23,910,647 ",
FY2009,AAU,University of Missouri-Columbia,"$101,912,313 ","$17,927,628 ",
FY2010,AAU,University of Missouri-Columbia,"$78,600,013 ","$15,987,822 ",
FY2011,AAU,University of Missouri-Columbia,"$83,098,203 ","$19,311,816 ",
FY2012,AAU,University of Missouri-Columbia,"$88,688,908 ","$21,421,850 ",
FY2013,AAU,University of Missouri-Columbia,"$103,979,450 ","$22,008,470 ",
FY2014,AAU,University of Missouri-Columbia,"$118,744,733 ","$35,514,718 ",
FY2015,AAU,University of Missouri-Columbia,"$108,688,846 ","$27,134,102 ",
FY2016,AAU,University of Missouri-Columbia,"$113,079,422 ","$27,024,663 ",
FY2017,AAU,University of Missouri-Columbia,"$119,526,121 ","$27,631,152 ",
FY2007,AAU,University of North Carolina at Chapel Hill,"$246,864,455 ","$67,406,588 ","$37,135,378 "
FY2008,AAU,University of North Carolina at Chapel Hill,"$292,389,028 ","$72,516,122 ","$32,723,727 "
FY2009,AAU,University of North Carolina at Chapel Hill,"$270,111,159 ","$59,186,561 ","$28,742,211 "
FY2010,AAU,University of North Carolina at Chapel Hill,"$266,857,424 ","$63,853,364 ","$25,598,708 "
FY2011,AAU,University of North Carolina at Chapel Hill,"$274,947,462 ","$67,917,879 ","$30,276,825 "
FY2012,AAU,University of North Carolina at Chapel Hill,"$286,709,822 ","$66,236,481 ","$25,743,437 "
FY2013,AAU,University of North Carolina at Chapel Hill,"$268,996,759 ","$53,204,675 ","$21,620,738 "
FY2014,AAU,University of North Carolina at Chapel Hill,"$298,804,228 ","$76,041,556 ","$23,811,606 "
FY2015,AAU,University of North Carolina at Chapel Hill,"$301,177,472 ","$69,761,979 ",
FY2016,AAU,University of North Carolina at Chapel Hill,"$308,694,373 ","$72,212,478 ",
FY2007,AAU,University of Oregon,"$101,250,836 ","$21,977,235 ",
FY2008,AAU,University of Oregon,"$88,472,541 ","$23,706,193 ",
FY2009,AAU,University of Oregon,"$99,538,521 ","$38,452,162 ",
FY2010,AAU,University of Oregon,"$120,639,480 ","$39,546,957 ",
FY2011,AAU,University of Oregon,"$93,095,999 ","$36,879,410 ",
FY2012,AAU,University of Oregon,"$109,528,743 ","$63,950,465 ",
FY2013,AAU,University of Oregon,"$185,648,071 ","$127,720,364 ","$132,916,718 "
FY2014,AAU,University of Oregon,"$68,221,028 ","$30,026,931 ","$25,080,769 "
FY2015,AAU,University of Oregon,"$145,109,021 ","$36,604,846 ","$53,698,089 "
FY2016,AAU,University of Oregon,"$136,295,416 ","$43,264,075 ","$31,982,776 "
FY2017,AAU,University of Oregon,"$177,446,972 ","$106,616,345 ","$45,090,327 "
FY2007,AAU,University of Pennsylvania,"$392,420,770 ","$115,283,135 ","$12,727,448 "
FY2008,AAU,University of Pennsylvania,"$475,957,652 ","$143,610,834 ","$14,866,594 "
FY2009,AAU,University of Pennsylvania,"$439,768,922 ","$119,235,209 ","$10,704,813 "
FY2010,AAU,University of Pennsylvania,"$381,591,586 ","$114,942,512 ","$13,383,807 "
FY2011,AAU,University of Pennsylvania,"$437,717,722 ","$116,609,031 ","$16,868,626 "
FY2012,AAU,University of Pennsylvania,"$440,602,631 ","$113,791,247 ","$10,407,463 "
FY2013,AAU,University of Pennsylvania,"$506,606,961 ","$129,981,332 ","$14,682,329 "
FY2014,AAU,University of Pennsylvania,"$483,569,483 ","$236,576,446 ",
FY2015,AAU,University of Pennsylvania,"$517,197,984 ","$238,449,942 ",
FY2016,AAU,University of Pennsylvania,"$542,850,553 ","$224,396,386 ",
FY2017,AAU,University of Pennsylvania,"$626,485,118 ","$283,932,642 ",
FY2007,AAU,University of Pittsburgh-Pittsburgh Campus,"$121,137,487 ","$13,581,888 ",
FY2008,AAU,University of Pittsburgh-Pittsburgh Campus,"$126,922,757 ","$14,660,357 ",
FY2009,AAU,University of Pittsburgh-Pittsburgh Campus,"$115,113,207 ","$9,120,846 ",
FY2010,AAU,University of Pittsburgh-Pittsburgh Campus,"$113,202,837 ","$12,983,244 ",
FY2011,AAU,University of Pittsburgh-Pittsburgh Campus,"$114,481,876 ","$17,551,648 ",
FY2012,AAU,University of Pittsburgh-Pittsburgh Campus,"$118,700,224 ","$10,758,898 ",
FY2013,AAU,University of Pittsburgh-Pittsburgh Campus,"$127,859,214 ","$18,721,764 ",
FY2014,AAU,University of Pittsburgh-Pittsburgh Campus,"$117,067,589 ","$11,216,432 ",
FY2015,AAU,University of Pittsburgh-Pittsburgh Campus,"$124,601,694 ","$29,260,124 ",
FY2016,AAU,University of Pittsburgh-Pittsburgh Campus,"$127,154,544 ","$35,400,490 ",
FY2017,AAU,University of Pittsburgh-Pittsburgh Campus,"$121,564,348 ","$27,970,446 ",
FY2007,AAU,University of Rochester,"$80,943,275 ","$23,172,972 ","$277,298 "
FY2008,AAU,University of Rochester,"$100,668,243 ","$28,643,034 ",
FY2009,AAU,University of Rochester,"$64,195,888 ","$11,992,541 ","$179,167 "
FY2010,AAU,University of Rochester,"$71,225,279 ","$13,810,694 ","$199,182 "
FY2011,AAU,University of Rochester,"$72,117,930 ","$19,179,455 ","$231,671 "
FY2012,AAU,University of Rochester,"$85,415,487 ","$22,816,164 ","$239,925 "
FY2013,AAU,University of Rochester,"$90,022,623 ","$19,550,037 ","$255,678 "
FY2014,AAU,University of Rochester,"$120,038,466 ","$25,555,383 ","$902,628 "
FY2015,AAU,University of Rochester,"$108,216,672 ","$30,868,920 ","$654,555 "
FY2016,AAU,University of Rochester,"$107,296,610 ","$31,156,584 ","$655,318 "
FY2017,AAU,University of Rochester,"$97,233,046 ","$25,490,605 ","$310,772 "
FY2007,AAU,University of Southern California,"$469,646,622 ","$57,746,357 ",
FY2008,AAU,University of Southern California,"$409,183,101 ","$59,639,938 ",
FY2009,AAU,University of Southern California,"$368,981,377 ","$37,644,040 ",
FY2010,AAU,University of Southern California,"$426,016,332 ","$82,443,420 ",
FY2011,AAU,University of Southern California,"$402,410,787 ","$50,846,833 ",
FY2012,AAU,University of Southern California,"$491,853,719 ","$82,498,443 ",
FY2013,AAU,University of Southern California,"$674,511,824 ","$204,580,041 ",
FY2014,AAU,University of Southern California,"$731,932,611 ","$77,069,434 ",
FY2015,AAU,University of Southern California,"$653,025,324 ","$201,428,103 ",
FY2016,AAU,University of Southern California,"$666,640,686 ","$96,784,848 ",
FY2017,AAU,University of Southern California,"$668,332,017 ","$158,548,403 ",
FY2007,AAU,University of Texas at Austin,"$219,093,769 ","$64,418,777 ","$3,462,526 "
FY2008,AAU,University of Texas at Austin,"$263,504,535 ","$67,886,430 ","$37,148,142 "
FY2009,AAU,University of Texas at Austin,"$234,379,678 ","$64,387,507 ","$38,243,146 "
FY2010,AAU,University of Texas at Austin,"$212,382,715 ","$71,760,438 ","$40,248,397 "
FY2011,AAU,University of Texas at Austin,"$241,213,232 ","$71,942,418 ","$34,733,652 "
FY2012,AAU,University of Texas at Austin,"$258,307,842 ","$70,679,063 ","$41,721,407 "
FY2013,AAU,University of Texas at Austin,"$290,987,112 ","$73,367,786 ","$38,990,999 "
FY2014,AAU,University of Texas at Austin,"$529,391,225 ","$100,019,822 ","$41,408,148 "
FY2015,AAU,University of Texas at Austin,"$310,211,782 ","$93,482,454 ","$42,234,883 "
FY2016,AAU,University of Texas at Austin,"$345,991,576 ","$87,018,572 ","$43,229,276 "
FY2017,AAU,University of Texas at Austin,"$304,293,616 ","$98,831,756 ","$43,909,471 "
FY2012,AAU,University of Toronto,"$104,619,497 ","$50,615,855 ",
FY2013,AAU,University of Toronto,"$150,861,715 ","$63,333,663 ",
FY2014,AAU,University of Toronto,"$176,304,817 ","$65,195,090 ",
FY2015,AAU,University of Toronto,"$183,534,675 ","$59,386,935 ",
FY2016,AAU,University of Toronto,"$207,800,212 ","$99,954,798 ",
FY2007,AAU,University of Virginia-Main Campus,"$282,610,619 ","$79,236,099 ","$29,680,823 "
FY2008,AAU,University of Virginia-Main Campus,"$270,785,267 ","$85,912,786 ","$36,374,506 "
FY2009,AAU,University of Virginia-Main Campus,"$233,473,048 ","$86,101,835 ","$23,991,416 "
FY2010,AAU,University of Virginia-Main Campus,"$194,218,412 ","$47,663,726 ","$29,718,066 "
FY2011,AAU,University of Virginia-Main Campus,"$216,162,251 ","$62,252,017 ","$30,605,792 "
FY2012,AAU,University of Virginia-Main Campus,"$237,220,863 ","$60,712,053 ",
FY2013,AAU,University of Virginia-Main Campus,"$224,540,831 ","$67,602,370 ",
FY2014,AAU,University of Virginia-Main Campus,"$214,412,435 ","$75,380,627 ",
FY2015,AAU,University of Virginia-Main Campus,"$233,217,675 ","$73,972,046 ",
FY2016,AAU,University of Virginia-Main Campus,"$245,391,966 ","$65,764,874 ",
FY2017,AAU,University of Virginia-Main Campus,"$268,406,839 ","$99,038,708 ",
FY2007,AAU,University of Washington,"$300,199,601 ","$58,291,577 ","$21,911,161 "
FY2008,AAU,University of Washington,"$302,770,825 ","$55,207,253 ","$20,063,874 "
FY2009,AAU,University of Washington,"$323,545,197 ","$40,139,421 ","$15,616,714 "
FY2010,AAU,University of Washington,"$285,219,625 ","$35,035,733 ","$17,893,004 "
FY2011,AAU,University of Washington,"$334,493,850 ","$47,881,891 ","$25,738,496 "
FY2012,AAU,University of Washington,"$310,853,353 ","$45,701,080 ","$33,580,010 "
FY2013,AAU,University of Washington,"$336,183,887 ","$45,008,401 ","$31,204,904 "
FY2014,AAU,University of Washington,"$478,071,702 ","$119,430,614 ","$37,325,217 "
FY2015,AAU,University of Washington,"$447,020,543 ","$59,079,423 ","$30,730,210 "
FY2016,AAU,University of Washington,"$541,444,150 ","$72,760,771 ","$27,228,359 "
FY2017,AAU,University of Washington,"$553,890,900 ","$102,517,265 ","$35,752,362 "
FY2007,AAU,University of Wisconsin-Madison,"$325,336,779 ","$73,042,720 ","$19,411,307 "
FY2008,AAU,University of Wisconsin-Madison,"$410,227,266 ","$54,328,992 ","$22,222,351 "
FY2009,AAU,University of Wisconsin-Madison,"$341,805,035 ","$38,598,252 ","$21,308,878 "
FY2010,AAU,University of Wisconsin-Madison,"$311,846,992 ","$42,835,570 ","$19,008,057 "
FY2011,AAU,University of Wisconsin-Madison,"$315,767,513 ","$43,050,086 ","$21,761,817 "
FY2012,AAU,University of Wisconsin-Madison,"$315,277,525 ","$46,066,704 ","$26,059,436 "
FY2014,AAU,University of Wisconsin-Madison,"$249,661,134 ","$53,720,423 ","$32,570,772 "
FY2015,AAU,University of Wisconsin-Madison,"$330,454,447 ","$103,900,885 ","$27,855,020 "
FY2016,AAU,University of Wisconsin-Madison,"$318,828,052 ","$108,828,870 ","$36,097,456 "
FY2007,AAU,Vanderbilt University,"$137,272,890 ","$31,222,777 ","$1,479,668 "
FY2008,AAU,Vanderbilt University,"$133,381,429 ","$35,674,812 ","$2,477,132 "
FY2009,AAU,Vanderbilt University,"$160,414,175 ","$21,036,914 ","$7,685,876 "
FY2010,AAU,Vanderbilt University,"$123,862,579 ","$20,367,116 ","$1,734,594 "
FY2011,AAU,Vanderbilt University,"$119,440,568 ","$23,452,184 ","$3,363,129 "
FY2012,AAU,Vanderbilt University,"$126,366,893 ","$30,059,491 ",$0 
FY2013,AAU,Vanderbilt University,"$145,432,729 ","$46,589,686 ","$35,000 "
FY2014,AAU,Vanderbilt University,"$157,509,896 ","$38,596,222 ","$8,651,961 "
FY2015,AAU,Vanderbilt University,"$121,909,366 ","$27,617,006 ","$8,663,071 "
FY2016,AAU,Vanderbilt University,"$143,605,153 ","$26,514,653 ","$8,712,033 "
FY2017,AAU,Vanderbilt University,"$193,581,484 ","$27,532,459 ","$10,541,369 "
FY2007,AAU,Washington University in St. Louis,"$158,212,549 ","$30,402,696 ",$0 
FY2008,AAU,Washington University in St. Louis,"$153,563,742 ","$38,306,226 ",
FY2009,AAU,Washington University in St. Louis,"$152,947,420 ","$32,785,333 ",
FY2010,AAU,Washington University in St. Louis,"$210,958,223 ","$20,722,884 ",
FY2011,AAU,Washington University in St. Louis,"$215,070,573 ","$52,707,443 ",
FY2012,AAU,Washington University in St. Louis,"$205,686,530 ","$30,343,235 ",
FY2013,AAU,Washington University in St. Louis,"$233,018,502 ","$33,638,430 ",
FY2014,AAU,Washington University in St. Louis,"$274,498,480 ","$64,006,460 ",
FY2015,AAU,Washington University in St. Louis,"$246,714,379 ","$32,338,285 ",
FY2016,AAU,Washington University in St. Louis,"$269,876,662 ","$41,589,463 ",
FY2017,AAU,Washington University in St. Louis,"$281,491,088 ","$59,368,481 ",
FY2007,AAU,Yale University,"$391,315,420 ","$192,421,017 ",
FY2008,AAU,Yale University,"$486,610,483 ","$274,026,595 ",
FY2009,AAU,Yale University,"$358,147,948 ","$132,205,477 ",
FY2010,AAU,Yale University,"$380,903,371 ","$160,975,190 ",
FY2011,AAU,Yale University,"$580,325,333 ","$270,248,495 ",
FY2012,AAU,Yale University,"$543,905,260 ","$140,446,923 ",
FY2013,AAU,Yale University,"$444,171,386 ","$141,784,465 ",
FY2014,AAU,Yale University,"$430,308,592 ","$164,259,416 ",
FY2015,AAU,Yale University,"$440,806,570 ","$185,358,476 ",
FY2016,AAU,Yale University,"$519,146,339 ","$193,156,408 ",
FY2017,AAU,Yale University,"$595,886,406 ","$177,850,699 ",
